[{"model": "admin.logentry", "pk": 1, "fields": {"action_time": "2023-02-08T11:32:17.724Z", "user": 1, "content_type": 7, "object_id": "1", "object_repr": "Category object (1)", "action_flag": 1, "change_message": "[{\"added\": {}}]"}}, {"model": "admin.logentry", "pk": 2, "fields": {"action_time": "2023-02-08T11:32:41.005Z", "user": 1, "content_type": 7, "object_id": "2", "object_repr": "Category object (2)", "action_flag": 1, "change_message": "[{\"added\": {}}]"}}, {"model": "admin.logentry", "pk": 3, "fields": {"action_time": "2023-02-09T04:46:18.039Z", "user": 1, "content_type": 9, "object_id": "1", "object_repr": "what type of novel is The Famous Five", "action_flag": 1, "change_message": "[{\"added\": {}}]"}}, {"model": "admin.logentry", "pk": 4, "fields": {"action_time": "2023-02-09T04:46:38.416Z", "user": 1, "content_type": 8, "object_id": "1", "object_repr": "thriller", "action_flag": 1, "change_message": "[{\"added\": {}}]"}}, {"model": "admin.logentry", "pk": 5, "fields": {"action_time": "2023-02-09T04:46:52.105Z", "user": 1, "content_type": 8, "object_id": "2", "object_repr": "adventure", "action_flag": 1, "change_message": "[{\"added\": {}}]"}}, {"model": "admin.logentry", "pk": 6, "fields": {"action_time": "2023-02-09T04:47:05.810Z", "user": 1, "content_type": 8, "object_id": "3", "object_repr": "comic", "action_flag": 1, "change_message": "[{\"added\": {}}]"}}, {"model": "admin.logentry", "pk": 7, "fields": {"action_time": "2023-02-09T04:47:20.514Z", "user": 1, "content_type": 8, "object_id": "4", "object_repr": "biopic", "action_flag": 1, "change_message": "[{\"added\": {}}]"}}, {"model": "admin.logentry", "pk": 8, "fields": {"action_time": "2023-02-09T04:49:37.782Z", "user": 1, "content_type": 9, "object_id": "2", "object_repr": "Spare genre", "action_flag": 1, "change_message": "[{\"added\": {}}]"}}, {"model": "admin.logentry", "pk": 9, "fields": {"action_time": "2023-02-09T04:49:51.989Z", "user": 1, "content_type": 8, "object_id": "5", "object_repr": "adventure", "action_flag": 1, "change_message": "[{\"added\": {}}]"}}, {"model": "admin.logentry", "pk": 10, "fields": {"action_time": "2023-02-09T04:50:03.005Z", "user": 1, "content_type": 8, "object_id": "6", "object_repr": "biopic", "action_flag": 1, "change_message": "[{\"added\": {}}]"}}, {"model": "admin.logentry", "pk": 11, "fields": {"action_time": "2023-02-09T04:50:38.385Z", "user": 1, "content_type": 8, "object_id": "7", "object_repr": "psycology", "action_flag": 1, "change_message": "[{\"added\": {}}]"}}, {"model": "admin.logentry", "pk": 12, "fields": {"action_time": "2023-02-09T04:51:02.086Z", "user": 1, "content_type": 8, "object_id": "8", "object_repr": "adventure", "action_flag": 1, "change_message": "[{\"added\": {}}]"}}, {"model": "admin.logentry", "pk": 13, "fields": {"action_time": "2023-02-09T04:51:18.906Z", "user": 1, "content_type": 8, "object_id": "8", "object_repr": "horror", "action_flag": 2, "change_message": "[{\"changed\": {\"fields\": [\"Choice\"]}}]"}}, {"model": "admin.logentry", "pk": 14, "fields": {"action_time": "2023-02-09T04:54:10.427Z", "user": 1, "content_type": 9, "object_id": "3", "object_repr": "whose novel is 'The God Of Small Things'?", "action_flag": 1, "change_message": "[{\"added\": {}}]"}}, {"model": "admin.logentry", "pk": 15, "fields": {"action_time": "2023-02-09T04:54:37.854Z", "user": 1, "content_type": 8, "object_id": "9", "object_repr": "Amarthya Sen", "action_flag": 1, "change_message": "[{\"added\": {}}]"}}, {"model": "admin.logentry", "pk": 16, "fields": {"action_time": "2023-02-09T04:55:48.472Z", "user": 1, "content_type": 8, "object_id": "10", "object_repr": "Abdul Kalam", "action_flag": 1, "change_message": "[{\"added\": {}}]"}}, {"model": "admin.logentry", "pk": 17, "fields": {"action_time": "2023-02-09T04:56:02.952Z", "user": 1, "content_type": 8, "object_id": "11", "object_repr": "Arundathi Roy", "action_flag": 1, "change_message": "[{\"added\": {}}]"}}, {"model": "admin.logentry", "pk": 18, "fields": {"action_time": "2023-02-09T04:56:31.512Z", "user": 1, "content_type": 8, "object_id": "12", "object_repr": "B.R Ambedkar", "action_flag": 1, "change_message": "[{\"added\": {}}]"}}, {"model": "admin.logentry", "pk": 19, "fields": {"action_time": "2023-02-09T04:56:58.434Z", "user": 1, "content_type": 9, "object_id": "4", "object_repr": "How many colours in rainbow?", "action_flag": 1, "change_message": "[{\"added\": {}}]"}}, {"model": "admin.logentry", "pk": 20, "fields": {"action_time": "2023-02-09T04:57:11.601Z", "user": 1, "content_type": 8, "object_id": "13", "object_repr": "7", "action_flag": 1, "change_message": "[{\"added\": {}}]"}}, {"model": "admin.logentry", "pk": 21, "fields": {"action_time": "2023-02-09T04:57:19.857Z", "user": 1, "content_type": 8, "object_id": "14", "object_repr": "6", "action_flag": 1, "change_message": "[{\"added\": {}}]"}}, {"model": "admin.logentry", "pk": 22, "fields": {"action_time": "2023-02-09T04:57:31.298Z", "user": 1, "content_type": 8, "object_id": "15", "object_repr": "8", "action_flag": 1, "change_message": "[{\"added\": {}}]"}}, {"model": "admin.logentry", "pk": 23, "fields": {"action_time": "2023-02-09T04:57:39.194Z", "user": 1, "content_type": 8, "object_id": "16", "object_repr": "5", "action_flag": 1, "change_message": "[{\"added\": {}}]"}}, {"model": "admin.logentry", "pk": 24, "fields": {"action_time": "2023-02-09T06:25:37.385Z", "user": 1, "content_type": 9, "object_id": "5", "object_repr": "h", "action_flag": 3, "change_message": ""}}, {"model": "admin.logentry", "pk": 25, "fields": {"action_time": "2023-02-09T11:01:08.816Z", "user": 1, "content_type": 9, "object_id": "7", "object_repr": "h", "action_flag": 3, "change_message": ""}}, {"model": "admin.logentry", "pk": 26, "fields": {"action_time": "2023-02-09T11:01:08.818Z", "user": 1, "content_type": 9, "object_id": "6", "object_repr": "h", "action_flag": 3, "change_message": ""}}, {"model": "admin.logentry", "pk": 27, "fields": {"action_time": "2023-02-14T09:07:11.951Z", "user": 1, "content_type": 9, "object_id": "9", "object_repr": "How many letters in english alphabet?", "action_flag": 2, "change_message": "[{\"changed\": {\"fields\": [\"Score\"]}}]"}}, {"model": "admin.logentry", "pk": 28, "fields": {"action_time": "2023-02-14T09:07:19.036Z", "user": 1, "content_type": 9, "object_id": "9", "object_repr": "How many letters in english alphabet?", "action_flag": 2, "change_message": "[]"}}, {"model": "admin.logentry", "pk": 29, "fields": {"action_time": "2023-02-14T09:07:27.198Z", "user": 1, "content_type": 9, "object_id": "8", "object_repr": "How many letters in english alphabet?", "action_flag": 2, "change_message": "[{\"changed\": {\"fields\": [\"Score\"]}}]"}}, {"model": "admin.logentry", "pk": 30, "fields": {"action_time": "2023-02-15T12:08:18.887Z", "user": 1, "content_type": 9, "object_id": "15", "object_repr": "{'question_id': '8', 'answer': '18'}", "action_flag": 3, "change_message": ""}}, {"model": "admin.logentry", "pk": 31, "fields": {"action_time": "2023-02-15T12:08:18.898Z", "user": 1, "content_type": 9, "object_id": "14", "object_repr": "{'question_id': '4', 'answer_id': '13'}", "action_flag": 3, "change_message": ""}}, {"model": "admin.logentry", "pk": 32, "fields": {"action_time": "2023-02-15T12:08:18.900Z", "user": 1, "content_type": 9, "object_id": "13", "object_repr": "{'question_id': 8, 'answer_id': 18}", "action_flag": 3, "change_message": ""}}, {"model": "admin.logentry", "pk": 33, "fields": {"action_time": "2023-02-15T12:08:18.901Z", "user": 1, "content_type": 9, "object_id": "12", "object_repr": "{'question_id': '8', 'answer_id': '18'}", "action_flag": 3, "change_message": ""}}, {"model": "admin.logentry", "pk": 34, "fields": {"action_time": "2023-02-15T12:08:18.903Z", "user": 1, "content_type": 9, "object_id": "11", "object_repr": "", "action_flag": 3, "change_message": ""}}, {"model": "admin.logentry", "pk": 35, "fields": {"action_time": "2023-02-15T12:10:20.980Z", "user": 1, "content_type": 9, "object_id": "9", "object_repr": "How many letters in english alphabet?", "action_flag": 3, "change_message": ""}}, {"model": "admin.logentry", "pk": 36, "fields": {"action_time": "2023-02-15T12:22:36.819Z", "user": 1, "content_type": 12, "object_id": "2", "object_repr": "QuizAttempt object (2)", "action_flag": 3, "change_message": ""}}, {"model": "admin.logentry", "pk": 37, "fields": {"action_time": "2023-02-15T12:22:36.821Z", "user": 1, "content_type": 12, "object_id": "1", "object_repr": "QuizAttempt object (1)", "action_flag": 3, "change_message": ""}}, {"model": "admin.logentry", "pk": 38, "fields": {"action_time": "2023-02-22T06:15:27.396Z", "user": 1, "content_type": 13, "object_id": "2", "object_repr": "QuizResult object (2)", "action_flag": 3, "change_message": ""}}, {"model": "admin.logentry", "pk": 39, "fields": {"action_time": "2023-02-28T06:06:24.424Z", "user": 1, "content_type": 10, "object_id": "4", "object_repr": "animal kingdom", "action_flag": 2, "change_message": "[{\"changed\": {\"fields\": [\"Name\"]}}]"}}, {"model": "admin.logentry", "pk": 40, "fields": {"action_time": "2023-02-28T06:46:49.896Z", "user": 1, "content_type": 9, "object_id": "17", "object_repr": "Which of these is the world's widest river?", "action_flag": 2, "change_message": "[{\"changed\": {\"fields\": [\"Question\", \"Score\"]}}]"}}, {"model": "admin.logentry", "pk": 41, "fields": {"action_time": "2023-02-28T06:46:58.369Z", "user": 1, "content_type": 9, "object_id": "16", "object_repr": "Which of these is the world's longest river?", "action_flag": 2, "change_message": "[{\"changed\": {\"fields\": [\"Score\"]}}]"}}, {"model": "admin.logentry", "pk": 42, "fields": {"action_time": "2023-02-28T06:47:26.526Z", "user": 1, "content_type": 8, "object_id": "33", "object_repr": "The Amazon", "action_flag": 2, "change_message": "[{\"changed\": {\"fields\": [\"Is Correct\"]}}]"}}, {"model": "admin.logentry", "pk": 43, "fields": {"action_time": "2023-02-28T06:47:33.411Z", "user": 1, "content_type": 8, "object_id": "34", "object_repr": "The Nile", "action_flag": 2, "change_message": "[{\"changed\": {\"fields\": [\"Is Correct\"]}}]"}}, {"model": "admin.logentry", "pk": 44, "fields": {"action_time": "2023-02-28T06:55:41.299Z", "user": 1, "content_type": 9, "object_id": "21", "object_repr": "Which river is Lion's Mouth?", "action_flag": 2, "change_message": "[{\"changed\": {\"fields\": [\"Score\"]}}]"}}, {"model": "admin.logentry", "pk": 45, "fields": {"action_time": "2023-02-28T06:55:49.909Z", "user": 1, "content_type": 9, "object_id": "20", "object_repr": "On which river bank is Charminar located?", "action_flag": 2, "change_message": "[{\"changed\": {\"fields\": [\"Score\"]}}]"}}, {"model": "admin.logentry", "pk": 46, "fields": {"action_time": "2023-02-28T06:55:56.289Z", "user": 1, "content_type": 9, "object_id": "19", "object_repr": "On which river bank is Charminar located?", "action_flag": 2, "change_message": "[{\"changed\": {\"fields\": [\"Score\"]}}]"}}, {"model": "admin.logentry", "pk": 47, "fields": {"action_time": "2023-02-28T06:56:03.758Z", "user": 1, "content_type": 9, "object_id": "18", "object_repr": "On which river bank Statue of Unity is bulit?", "action_flag": 2, "change_message": "[{\"changed\": {\"fields\": [\"Score\"]}}]"}}, {"model": "auth.permission", "pk": 1, "fields": {"name": "Can add log entry", "content_type": 1, "codename": "add_logentry"}}, {"model": "auth.permission", "pk": 2, "fields": {"name": "Can change log entry", "content_type": 1, "codename": "change_logentry"}}, {"model": "auth.permission", "pk": 3, "fields": {"name": "Can delete log entry", "content_type": 1, "codename": "delete_logentry"}}, {"model": "auth.permission", "pk": 4, "fields": {"name": "Can view log entry", "content_type": 1, "codename": "view_logentry"}}, {"model": "auth.permission", "pk": 5, "fields": {"name": "Can add permission", "content_type": 2, "codename": "add_permission"}}, {"model": "auth.permission", "pk": 6, "fields": {"name": "Can change permission", "content_type": 2, "codename": "change_permission"}}, {"model": "auth.permission", "pk": 7, "fields": {"name": "Can delete permission", "content_type": 2, "codename": "delete_permission"}}, {"model": "auth.permission", "pk": 8, "fields": {"name": "Can view permission", "content_type": 2, "codename": "view_permission"}}, {"model": "auth.permission", "pk": 9, "fields": {"name": "Can add group", "content_type": 3, "codename": "add_group"}}, {"model": "auth.permission", "pk": 10, "fields": {"name": "Can change group", "content_type": 3, "codename": "change_group"}}, {"model": "auth.permission", "pk": 11, "fields": {"name": "Can delete group", "content_type": 3, "codename": "delete_group"}}, {"model": "auth.permission", "pk": 12, "fields": {"name": "Can view group", "content_type": 3, "codename": "view_group"}}, {"model": "auth.permission", "pk": 13, "fields": {"name": "Can add content type", "content_type": 4, "codename": "add_contenttype"}}, {"model": "auth.permission", "pk": 14, "fields": {"name": "Can change content type", "content_type": 4, "codename": "change_contenttype"}}, {"model": "auth.permission", "pk": 15, "fields": {"name": "Can delete content type", "content_type": 4, "codename": "delete_contenttype"}}, {"model": "auth.permission", "pk": 16, "fields": {"name": "Can view content type", "content_type": 4, "codename": "view_contenttype"}}, {"model": "auth.permission", "pk": 17, "fields": {"name": "Can add session", "content_type": 5, "codename": "add_session"}}, {"model": "auth.permission", "pk": 18, "fields": {"name": "Can change session", "content_type": 5, "codename": "change_session"}}, {"model": "auth.permission", "pk": 19, "fields": {"name": "Can delete session", "content_type": 5, "codename": "delete_session"}}, {"model": "auth.permission", "pk": 20, "fields": {"name": "Can view session", "content_type": 5, "codename": "view_session"}}, {"model": "auth.permission", "pk": 21, "fields": {"name": "Can add User", "content_type": 6, "codename": "add_user"}}, {"model": "auth.permission", "pk": 22, "fields": {"name": "Can change User", "content_type": 6, "codename": "change_user"}}, {"model": "auth.permission", "pk": 23, "fields": {"name": "Can delete User", "content_type": 6, "codename": "delete_user"}}, {"model": "auth.permission", "pk": 24, "fields": {"name": "Can view User", "content_type": 6, "codename": "view_user"}}, {"model": "auth.permission", "pk": 25, "fields": {"name": "Can add category", "content_type": 7, "codename": "add_category"}}, {"model": "auth.permission", "pk": 26, "fields": {"name": "Can change category", "content_type": 7, "codename": "change_category"}}, {"model": "auth.permission", "pk": 27, "fields": {"name": "Can delete category", "content_type": 7, "codename": "delete_category"}}, {"model": "auth.permission", "pk": 28, "fields": {"name": "Can view category", "content_type": 7, "codename": "view_category"}}, {"model": "auth.permission", "pk": 29, "fields": {"name": "Can add Choice", "content_type": 8, "codename": "add_choices"}}, {"model": "auth.permission", "pk": 30, "fields": {"name": "Can change Choice", "content_type": 8, "codename": "change_choices"}}, {"model": "auth.permission", "pk": 31, "fields": {"name": "Can delete Choice", "content_type": 8, "codename": "delete_choices"}}, {"model": "auth.permission", "pk": 32, "fields": {"name": "Can view Choice", "content_type": 8, "codename": "view_choices"}}, {"model": "auth.permission", "pk": 33, "fields": {"name": "Can add Question", "content_type": 9, "codename": "add_question"}}, {"model": "auth.permission", "pk": 34, "fields": {"name": "Can change Question", "content_type": 9, "codename": "change_question"}}, {"model": "auth.permission", "pk": 35, "fields": {"name": "Can delete Question", "content_type": 9, "codename": "delete_question"}}, {"model": "auth.permission", "pk": 36, "fields": {"name": "Can view Question", "content_type": 9, "codename": "view_question"}}, {"model": "auth.permission", "pk": 37, "fields": {"name": "Can add Quiz", "content_type": 10, "codename": "add_quiz"}}, {"model": "auth.permission", "pk": 38, "fields": {"name": "Can change Quiz", "content_type": 10, "codename": "change_quiz"}}, {"model": "auth.permission", "pk": 39, "fields": {"name": "Can delete Quiz", "content_type": 10, "codename": "delete_quiz"}}, {"model": "auth.permission", "pk": 40, "fields": {"name": "Can view Quiz", "content_type": 10, "codename": "view_quiz"}}, {"model": "auth.permission", "pk": 41, "fields": {"name": "Can add Topic", "content_type": 11, "codename": "add_topic"}}, {"model": "auth.permission", "pk": 42, "fields": {"name": "Can change Topic", "content_type": 11, "codename": "change_topic"}}, {"model": "auth.permission", "pk": 43, "fields": {"name": "Can delete Topic", "content_type": 11, "codename": "delete_topic"}}, {"model": "auth.permission", "pk": 44, "fields": {"name": "Can view Topic", "content_type": 11, "codename": "view_topic"}}, {"model": "auth.permission", "pk": 45, "fields": {"name": "Can add Attempts", "content_type": 12, "codename": "add_quizattempt"}}, {"model": "auth.permission", "pk": 46, "fields": {"name": "Can change Attempts", "content_type": 12, "codename": "change_quizattempt"}}, {"model": "auth.permission", "pk": 47, "fields": {"name": "Can delete Attempts", "content_type": 12, "codename": "delete_quizattempt"}}, {"model": "auth.permission", "pk": 48, "fields": {"name": "Can view Attempts", "content_type": 12, "codename": "view_quizattempt"}}, {"model": "auth.permission", "pk": 49, "fields": {"name": "Can add User Quiz Results", "content_type": 13, "codename": "add_quizresult"}}, {"model": "auth.permission", "pk": 50, "fields": {"name": "Can change User Quiz Results", "content_type": 13, "codename": "change_quizresult"}}, {"model": "auth.permission", "pk": 51, "fields": {"name": "Can delete User Quiz Results", "content_type": 13, "codename": "delete_quizresult"}}, {"model": "auth.permission", "pk": 52, "fields": {"name": "Can view User Quiz Results", "content_type": 13, "codename": "view_quizresult"}}, {"model": "contenttypes.contenttype", "pk": 1, "fields": {"app_label": "admin", "model": "logentry"}}, {"model": "contenttypes.contenttype", "pk": 2, "fields": {"app_label": "auth", "model": "permission"}}, {"model": "contenttypes.contenttype", "pk": 3, "fields": {"app_label": "auth", "model": "group"}}, {"model": "contenttypes.contenttype", "pk": 4, "fields": {"app_label": "contenttypes", "model": "contenttype"}}, {"model": "contenttypes.contenttype", "pk": 5, "fields": {"app_label": "sessions", "model": "session"}}, {"model": "contenttypes.contenttype", "pk": 6, "fields": {"app_label": "usermanagement", "model": "user"}}, {"model": "contenttypes.contenttype", "pk": 7, "fields": {"app_label": "contents", "model": "category"}}, {"model": "contenttypes.contenttype", "pk": 8, "fields": {"app_label": "contents", "model": "choices"}}, {"model": "contenttypes.contenttype", "pk": 9, "fields": {"app_label": "contents", "model": "question"}}, {"model": "contenttypes.contenttype", "pk": 10, "fields": {"app_label": "contents", "model": "quiz"}}, {"model": "contenttypes.contenttype", "pk": 11, "fields": {"app_label": "contents", "model": "topic"}}, {"model": "contenttypes.contenttype", "pk": 12, "fields": {"app_label": "contents", "model": "quizattempt"}}, {"model": "contenttypes.contenttype", "pk": 13, "fields": {"app_label": "contents", "model": "quizresult"}}, {"model": "sessions.session", "pk": "einj2af5p5o66s0h11i0mk3ylk2ckyae", "fields": {"session_data": ".eJxVjMsKwjAQAP8lZwnp5u3Re7-hbJJdU5UGmvYk_rsUetDrzDBvMeG-1WnvtE5zEVcxiMsvS5iftByiPHC5N5nbsq1zkkciT9vl2Aq9bmf7N6jY67F1jjTZHAx7Sh5UTAwmBjUMoCGawAgueEsWnGansHhWXCwbZyOwEZ8vwbo2_Q:1pPie2:GRo4KVpoZ4quCxfVDfPgudTM2US7RrCJPeuh-FmhsIE", "expire_date": "2023-02-22T11:29:46.806Z"}}, {"model": "sessions.session", "pk": "f4vejo1zgv3zbtmlmvda7vw4jhiebkhk", "fields": {"session_data": ".eJxVjMsKwjAQAP8lZwnp5u3Re7-hbJJdU5UGmvYk_rsUetDrzDBvMeG-1WnvtE5zEVcxiMsvS5iftByiPHC5N5nbsq1zkkciT9vl2Aq9bmf7N6jY67F1jjTZHAx7Sh5UTAwmBjUMoCGawAgueEsWnGansHhWXCwbZyOwEZ8vwbo2_Q:1pPyop:ASSpnBsvZWVgU-kRdlX5ifWuYf-s5NA5opmhHTf7ipk", "expire_date": "2023-02-23T04:45:59.298Z"}}, {"model": "sessions.session", "pk": "ravh2nh9xnr1oj6f6785je3qu9hw59fw", "fields": {"session_data": ".eJxVjMsKwjAQAP8lZwnp5u3Re7-hbJJdU5UGmvYk_rsUetDrzDBvMeG-1WnvtE5zEVcxiMsvS5iftByiPHC5N5nbsq1zkkciT9vl2Aq9bmf7N6jY67F1jjTZHAx7Sh5UTAwmBjUMoCGawAgueEsWnGansHhWXCwbZyOwEZ8vwbo2_Q:1pWbnP:0dHvCKZBYfx_dgQwTUNmmfjE-FzxS_i5ySQliqHUtGs", "expire_date": "2023-03-13T11:35:55.579Z"}}, {"model": "usermanagement.user", "pk": 1, "fields": {"password": "pbkdf2_sha256$390000$CDZ5CmPw8ZdIG4R8io47j0$ASZDmRBXTaqs7OqYy8gjB0AyoN53zekHbuYXXVTSrWU=", "last_login": "2023-02-27T11:35:55.577Z", "is_superuser": true, "is_staff": true, "is_active": true, "date_joined": "2023-02-08T11:29:17.576Z", "created": "2023-02-08T11:29:17.675Z", "modified": "2023-02-08T11:29:17.675Z", "username": "admin", "first_name": "admin", "last_name": "a", "email": "admin@mailinator.com", "phone_no": "", "is_verified": false, "groups": [], "user_permissions": []}}, {"model": "usermanagement.user", "pk": 2, "fields": {"password": "pbkdf2_sha256$390000$4iZXmqtgl8gXH6XV0AfjLZ$bPYge943/9EpiWXgXCBaejZkgjqsLdn1yBeO587H5Tk=", "last_login": null, "is_superuser": false, "is_staff": false, "is_active": true, "date_joined": "2023-02-08T11:30:45.224Z", "created": "2023-02-08T11:30:45.224Z", "modified": "2023-02-08T11:30:45.327Z", "username": "hari", "first_name": "hari", "last_name": "nk", "email": "hari@mailinator.com", "phone_no": "", "is_verified": false, "groups": [], "user_permissions": []}}, {"model": "usermanagement.user", "pk": 3, "fields": {"password": "pbkdf2_sha256$390000$10odcOgFDDRKH33TJpbjLc$23lOIQBNhNyN6noVQlWFl0WZUpTxpxp+he0Vg8US4Pg=", "last_login": null, "is_superuser": false, "is_staff": false, "is_active": true, "date_joined": "2023-02-08T11:31:12.598Z", "created": "2023-02-08T11:31:12.598Z", "modified": "2023-02-08T11:31:12.697Z", "username": "sara", "first_name": "sara", "last_name": "john", "email": "sara@mailinator.com", "phone_no": "", "is_verified": false, "groups": [], "user_permissions": []}}, {"model": "usermanagement.user", "pk": 4, "fields": {"password": "pbkdf2_sha256$390000$AI1iMFS15KDF3wqbrEFpcm$yLltNu5ltpuqJBKOxwtjYBCP7POHmQ4LL4VZignuLfE=", "last_login": null, "is_superuser": false, "is_staff": false, "is_active": true, "date_joined": "2023-02-08T11:31:39.255Z", "created": "2023-02-08T11:31:39.255Z", "modified": "2023-02-15T10:26:53.539Z", "username": "tom", "first_name": "tom", "last_name": "h", "email": "tom@mailinator.com", "phone_no": "", "is_verified": false, "groups": [], "user_permissions": []}}, {"model": "usermanagement.user", "pk": 5, "fields": {"password": "pbkdf2_sha256$390000$kFo7ZCGGyI2nhsEzaAm5o0$Kg41+Pm0TVn7clUNXrd7GONIP/N0Pbl+3eftaOHv3ug=", "last_login": null, "is_superuser": false, "is_staff": false, "is_active": true, "date_joined": "2023-02-28T05:44:47.845Z", "created": "2023-02-28T05:44:47.846Z", "modified": "2023-02-28T05:44:47.944Z", "username": "geni", "first_name": "geni", "last_name": "s", "email": "geni@mailinator.com", "phone_no": "", "is_verified": false, "groups": [], "user_permissions": []}}, {"model": "usermanagement.user", "pk": 6, "fields": {"password": "pbkdf2_sha256$390000$3aftYqfUclvWkDuEd6Dvo1$7CvxqhpPZlglzaIu069w1ni456vYGC6hL4Q3d0Pcg3Y=", "last_login": null, "is_superuser": false, "is_staff": false, "is_active": true, "date_joined": "2023-02-28T05:45:23.884Z", "created": "2023-02-28T05:45:23.884Z", "modified": "2023-02-28T05:45:23.983Z", "username": "maya", "first_name": "maya", "last_name": "sunil", "email": "maya@mailinator.com", "phone_no": "", "is_verified": false, "groups": [], "user_permissions": []}}, {"model": "usermanagement.user", "pk": 7, "fields": {"password": "pbkdf2_sha256$390000$VewU94MzXcBMRvvdbCatu9$8jb6u5YV6n2Rf3tvGyMNnHnu+P+qHv7jXEkDzH2EmnY=", "last_login": null, "is_superuser": false, "is_staff": false, "is_active": true, "date_joined": "2023-02-28T05:47:35.106Z", "created": "2023-02-28T05:47:35.106Z", "modified": "2023-02-28T05:47:35.206Z", "username": "kiran", "first_name": "kiran", "last_name": "g", "email": "kiran@mailinator.com", "phone_no": "", "is_verified": false, "groups": [], "user_permissions": []}}, {"model": "usermanagement.user", "pk": 8, "fields": {"password": "pbkdf2_sha256$390000$6XnQ0sh1WiaRUXUWafjzpb$gGHOvssm76tXCdBt7+Km2FPHGF2kCz9sPnfuQb15244=", "last_login": null, "is_superuser": false, "is_staff": false, "is_active": true, "date_joined": "2023-02-28T05:48:06.559Z", "created": "2023-02-28T05:48:06.559Z", "modified": "2023-02-28T05:48:06.660Z", "username": "susi", "first_name": "susi", "last_name": "g", "email": "susi@mailinator.com", "phone_no": "", "is_verified": false, "groups": [], "user_permissions": []}}, {"model": "contents.category", "pk": 1, "fields": {"created": "2023-02-08T11:32:17.723Z", "modified": "2023-02-08T11:32:17.723Z", "title": "hobbies", "description": "leisure activity"}}, {"model": "contents.category", "pk": 2, "fields": {"created": "2023-02-08T11:32:41.004Z", "modified": "2023-02-08T11:32:41.004Z", "title": "science", "description": "scientific things"}}, {"model": "contents.topic", "pk": 1, "fields": {"created": "2023-02-08T11:33:13.213Z", "modified": "2023-02-08T11:33:13.213Z", "name": "nature", "created_by": 2, "category": 2, "description": "all around", "content": null, "banner_image": "", "image": "", "video": null, "is_active": true}}, {"model": "contents.topic", "pk": 2, "fields": {"created": "2023-02-08T11:34:04.818Z", "modified": "2023-02-08T11:34:04.818Z", "name": "reading", "created_by": 2, "category": 1, "description": "book types", "content": null, "banner_image": "", "image": "", "video": null, "is_active": true}}, {"model": "contents.topic", "pk": 3, "fields": {"created": "2023-02-28T05:53:27.152Z", "modified": "2023-02-28T05:53:27.152Z", "name": "cooking", "created_by": 2, "category": 2, "description": null, "content": null, "banner_image": "", "image": "", "video": null, "is_active": true}}, {"model": "contents.topic", "pk": 4, "fields": {"created": "2023-02-28T05:55:14.234Z", "modified": "2023-02-28T05:55:14.234Z", "name": "gk", "created_by": 2, "category": 1, "description": "generak knowledge", "content": null, "banner_image": "", "image": "", "video": null, "is_active": true}}, {"model": "contents.topic", "pk": 5, "fields": {"created": "2023-02-28T05:56:18.886Z", "modified": "2023-02-28T05:56:18.886Z", "name": "animals", "created_by": 2, "category": 1, "description": "general questions about animals", "content": null, "banner_image": "", "image": "", "video": null, "is_active": true}}, {"model": "contents.quiz", "pk": 1, "fields": {"created": "2023-02-08T11:35:47.728Z", "modified": "2023-02-15T09:49:17.168Z", "name": "rainbow", "topics": 1, "description": "bliss", "pass_score": 40, "is_active": true}}, {"model": "contents.quiz", "pk": 2, "fields": {"created": "2023-02-08T11:37:49.107Z", "modified": "2023-02-08T11:37:49.107Z", "name": "books", "topics": 2, "description": "---", "pass_score": 40, "is_active": true}}, {"model": "contents.quiz", "pk": 3, "fields": {"created": "2023-02-28T06:01:21.413Z", "modified": "2023-02-28T06:01:21.413Z", "name": "rivers", "topics": 4, "description": "facts related to various rivers", "pass_score": 50, "is_active": true}}, {"model": "contents.quiz", "pk": 4, "fields": {"created": "2023-02-28T06:02:47.040Z", "modified": "2023-02-28T06:06:24.423Z", "name": "animal kingdom", "topics": 5, "description": "facts related to birds", "pass_score": 50, "is_active": true}}, {"model": "contents.quiz", "pk": 5, "fields": {"created": "2023-02-28T06:07:05.816Z", "modified": "2023-02-28T06:07:05.816Z", "name": "food", "topics": 3, "description": "food around the world", "pass_score": 50, "is_active": true}}, {"model": "contents.question", "pk": 1, "fields": {"created": "2023-02-09T04:46:18.038Z", "modified": "2023-02-09T04:46:18.038Z", "question": "what type of novel is The Famous Five", "quiz": 2, "score": 10}}, {"model": "contents.question", "pk": 2, "fields": {"created": "2023-02-09T04:49:37.782Z", "modified": "2023-02-09T04:49:37.782Z", "question": "Spare genre", "quiz": 2, "score": 10}}, {"model": "contents.question", "pk": 3, "fields": {"created": "2023-02-09T04:54:10.426Z", "modified": "2023-02-09T12:43:44.511Z", "question": "whose novel is 'The God Of Small Things'?", "quiz": 2, "score": 10}}, {"model": "contents.question", "pk": 4, "fields": {"created": "2023-02-09T04:56:58.434Z", "modified": "2023-02-09T04:56:58.434Z", "question": "How many colours in rainbow?", "quiz": 1, "score": 10}}, {"model": "contents.question", "pk": 8, "fields": {"created": "2023-02-09T11:13:19.473Z", "modified": "2023-02-14T09:07:27.198Z", "question": "How many letters in english alphabet?", "quiz": 1, "score": 10}}, {"model": "contents.question", "pk": 16, "fields": {"created": "2023-02-28T06:38:04.455Z", "modified": "2023-02-28T06:46:58.368Z", "question": "Which of these is the world's longest river?", "quiz": 3, "score": 10}}, {"model": "contents.question", "pk": 17, "fields": {"created": "2023-02-28T06:46:17.454Z", "modified": "2023-02-28T06:46:49.895Z", "question": "Which of these is the world's widest river?", "quiz": 3, "score": 10}}, {"model": "contents.question", "pk": 18, "fields": {"created": "2023-02-28T06:52:18.237Z", "modified": "2023-02-28T06:56:03.757Z", "question": "On which river bank Statue of Unity is bulit?", "quiz": 3, "score": 10}}, {"model": "contents.question", "pk": 19, "fields": {"created": "2023-02-28T06:53:40.399Z", "modified": "2023-02-28T06:55:56.288Z", "question": "On which river bank is Charminar located?", "quiz": 3, "score": 10}}, {"model": "contents.question", "pk": 20, "fields": {"created": "2023-02-28T06:54:01.498Z", "modified": "2023-02-28T06:55:49.908Z", "question": "On which river bank is Charminar located?", "quiz": 3, "score": 10}}, {"model": "contents.question", "pk": 21, "fields": {"created": "2023-02-28T06:54:55.959Z", "modified": "2023-02-28T06:55:41.299Z", "question": "Which river is Lion's Mouth?", "quiz": 3, "score": 10}}, {"model": "contents.question", "pk": 22, "fields": {"created": "2023-02-28T06:58:45.052Z", "modified": "2023-02-28T06:58:45.052Z", "question": "Which oil is used for cookin in Southern India?", "quiz": 5, "score": 10}}, {"model": "contents.question", "pk": 23, "fields": {"created": "2023-02-28T07:00:18.958Z", "modified": "2023-02-28T07:00:18.958Z", "question": "Which is the national vegetable of India?", "quiz": 5, "score": 10}}, {"model": "contents.question", "pk": 24, "fields": {"created": "2023-02-28T07:01:16.688Z", "modified": "2023-02-28T07:01:16.688Z", "question": "Which is the national food of India?", "quiz": 5, "score": 10}}, {"model": "contents.question", "pk": 25, "fields": {"created": "2023-02-28T07:02:21.569Z", "modified": "2023-02-28T07:02:21.569Z", "question": "Which vitamin gets destroyed when cooked?", "quiz": 5, "score": 10}}, {"model": "contents.question", "pk": 26, "fields": {"created": "2023-02-28T07:03:22.583Z", "modified": "2023-02-28T07:03:22.583Z", "question": "Where does coffee originate from?", "quiz": 5, "score": 10}}, {"model": "contents.question", "pk": 27, "fields": {"created": "2023-02-28T07:04:15.075Z", "modified": "2023-02-28T07:04:15.075Z", "question": "Where does pineapple originate from?", "quiz": 5, "score": 10}}, {"model": "contents.question", "pk": 28, "fields": {"created": "2023-02-28T07:05:44.270Z", "modified": "2023-02-28T07:05:44.270Z", "question": "Where does rice originally come from?", "quiz": 5, "score": 10}}, {"model": "contents.choices", "pk": 1, "fields": {"created": "2023-02-09T04:46:38.416Z", "modified": "2023-02-09T04:46:38.416Z", "question": 1, "choice": "thriller", "is_correct": true}}, {"model": "contents.choices", "pk": 2, "fields": {"created": "2023-02-09T04:46:52.105Z", "modified": "2023-02-09T04:46:52.105Z", "question": 1, "choice": "adventure", "is_correct": false}}, {"model": "contents.choices", "pk": 3, "fields": {"created": "2023-02-09T04:47:05.809Z", "modified": "2023-02-09T04:47:05.809Z", "question": 1, "choice": "comic", "is_correct": false}}, {"model": "contents.choices", "pk": 4, "fields": {"created": "2023-02-09T04:47:20.513Z", "modified": "2023-02-09T04:47:20.513Z", "question": 1, "choice": "biopic", "is_correct": false}}, {"model": "contents.choices", "pk": 5, "fields": {"created": "2023-02-09T04:49:51.988Z", "modified": "2023-02-09T04:49:51.988Z", "question": 2, "choice": "adventure", "is_correct": false}}, {"model": "contents.choices", "pk": 6, "fields": {"created": "2023-02-09T04:50:03.004Z", "modified": "2023-02-09T04:50:03.005Z", "question": 2, "choice": "biopic", "is_correct": true}}, {"model": "contents.choices", "pk": 7, "fields": {"created": "2023-02-09T04:50:38.385Z", "modified": "2023-02-09T04:50:38.385Z", "question": 2, "choice": "psycology", "is_correct": false}}, {"model": "contents.choices", "pk": 8, "fields": {"created": "2023-02-09T04:51:02.085Z", "modified": "2023-02-09T04:51:18.906Z", "question": 2, "choice": "horror", "is_correct": false}}, {"model": "contents.choices", "pk": 9, "fields": {"created": "2023-02-09T04:54:37.853Z", "modified": "2023-02-09T12:43:44.525Z", "question": 3, "choice": "Amartya Sen", "is_correct": false}}, {"model": "contents.choices", "pk": 10, "fields": {"created": "2023-02-09T04:55:48.471Z", "modified": "2023-02-09T12:43:44.528Z", "question": 3, "choice": "Abdul Kalam", "is_correct": false}}, {"model": "contents.choices", "pk": 11, "fields": {"created": "2023-02-09T04:56:02.951Z", "modified": "2023-02-09T12:43:44.532Z", "question": 3, "choice": "Arundathi Roy", "is_correct": true}}, {"model": "contents.choices", "pk": 12, "fields": {"created": "2023-02-09T04:56:31.511Z", "modified": "2023-02-09T12:43:44.536Z", "question": 3, "choice": "B.R Ambedkar", "is_correct": false}}, {"model": "contents.choices", "pk": 13, "fields": {"created": "2023-02-09T04:57:11.601Z", "modified": "2023-02-09T04:57:11.601Z", "question": 4, "choice": "7", "is_correct": true}}, {"model": "contents.choices", "pk": 14, "fields": {"created": "2023-02-09T04:57:19.856Z", "modified": "2023-02-09T04:57:19.856Z", "question": 4, "choice": "6", "is_correct": false}}, {"model": "contents.choices", "pk": 15, "fields": {"created": "2023-02-09T04:57:31.297Z", "modified": "2023-02-09T04:57:31.297Z", "question": 4, "choice": "8", "is_correct": false}}, {"model": "contents.choices", "pk": 16, "fields": {"created": "2023-02-09T04:57:39.193Z", "modified": "2023-02-09T04:57:39.193Z", "question": 4, "choice": "5", "is_correct": false}}, {"model": "contents.choices", "pk": 17, "fields": {"created": "2023-02-09T11:13:19.486Z", "modified": "2023-02-09T11:13:19.486Z", "question": 8, "choice": "28", "is_correct": true}}, {"model": "contents.choices", "pk": 18, "fields": {"created": "2023-02-09T11:13:19.487Z", "modified": "2023-02-09T11:13:19.487Z", "question": 8, "choice": "26", "is_correct": false}}, {"model": "contents.choices", "pk": 19, "fields": {"created": "2023-02-09T11:13:19.490Z", "modified": "2023-02-09T11:13:19.490Z", "question": 8, "choice": "38", "is_correct": false}}, {"model": "contents.choices", "pk": 20, "fields": {"created": "2023-02-09T11:13:19.492Z", "modified": "2023-02-09T11:13:19.492Z", "question": 8, "choice": "25", "is_correct": false}}, {"model": "contents.choices", "pk": 29, "fields": {"created": "2023-02-28T06:38:04.467Z", "modified": "2023-02-28T06:38:04.467Z", "question": 16, "choice": "The Amazon", "is_correct": false}}, {"model": "contents.choices", "pk": 30, "fields": {"created": "2023-02-28T06:38:04.469Z", "modified": "2023-02-28T06:38:04.469Z", "question": 16, "choice": "The Nile", "is_correct": true}}, {"model": "contents.choices", "pk": 31, "fields": {"created": "2023-02-28T06:38:04.471Z", "modified": "2023-02-28T06:38:04.471Z", "question": 16, "choice": "The Mekong", "is_correct": false}}, {"model": "contents.choices", "pk": 32, "fields": {"created": "2023-02-28T06:38:04.473Z", "modified": "2023-02-28T06:38:04.473Z", "question": 16, "choice": "The Sial", "is_correct": false}}, {"model": "contents.choices", "pk": 33, "fields": {"created": "2023-02-28T06:46:17.466Z", "modified": "2023-02-28T06:47:26.525Z", "question": 17, "choice": "The Amazon", "is_correct": true}}, {"model": "contents.choices", "pk": 34, "fields": {"created": "2023-02-28T06:46:17.468Z", "modified": "2023-02-28T06:47:33.410Z", "question": 17, "choice": "The Nile", "is_correct": false}}, {"model": "contents.choices", "pk": 35, "fields": {"created": "2023-02-28T06:46:17.470Z", "modified": "2023-02-28T06:46:17.470Z", "question": 17, "choice": "The Mekong", "is_correct": false}}, {"model": "contents.choices", "pk": 36, "fields": {"created": "2023-02-28T06:46:17.472Z", "modified": "2023-02-28T06:46:17.472Z", "question": 17, "choice": "The Sial", "is_correct": false}}, {"model": "contents.choices", "pk": 37, "fields": {"created": "2023-02-28T06:52:18.249Z", "modified": "2023-02-28T06:52:18.249Z", "question": 18, "choice": "The Yamuna", "is_correct": false}}, {"model": "contents.choices", "pk": 38, "fields": {"created": "2023-02-28T06:52:18.252Z", "modified": "2023-02-28T06:52:18.252Z", "question": 18, "choice": "The Narmada", "is_correct": true}}, {"model": "contents.choices", "pk": 39, "fields": {"created": "2023-02-28T06:52:18.253Z", "modified": "2023-02-28T06:52:18.253Z", "question": 18, "choice": "The Godavari", "is_correct": false}}, {"model": "contents.choices", "pk": 40, "fields": {"created": "2023-02-28T06:52:18.255Z", "modified": "2023-02-28T06:52:18.255Z", "question": 18, "choice": "The Kaveri", "is_correct": false}}, {"model": "contents.choices", "pk": 41, "fields": {"created": "2023-02-28T06:53:40.411Z", "modified": "2023-02-28T06:53:40.411Z", "question": 19, "choice": "Musi", "is_correct": true}}, {"model": "contents.choices", "pk": 42, "fields": {"created": "2023-02-28T06:53:40.413Z", "modified": "2023-02-28T06:53:40.413Z", "question": 19, "choice": "Ganga", "is_correct": false}}, {"model": "contents.choices", "pk": 43, "fields": {"created": "2023-02-28T06:53:40.415Z", "modified": "2023-02-28T06:53:40.416Z", "question": 19, "choice": "Krishna", "is_correct": false}}, {"model": "contents.choices", "pk": 44, "fields": {"created": "2023-02-28T06:53:40.417Z", "modified": "2023-02-28T06:53:40.417Z", "question": 19, "choice": "Kaveri", "is_correct": false}}, {"model": "contents.choices", "pk": 45, "fields": {"created": "2023-02-28T06:54:01.501Z", "modified": "2023-02-28T06:54:01.501Z", "question": 20, "choice": "Musi", "is_correct": true}}, {"model": "contents.choices", "pk": 46, "fields": {"created": "2023-02-28T06:54:01.503Z", "modified": "2023-02-28T06:54:01.503Z", "question": 20, "choice": "Ganga", "is_correct": false}}, {"model": "contents.choices", "pk": 47, "fields": {"created": "2023-02-28T06:54:01.505Z", "modified": "2023-02-28T06:54:01.505Z", "question": 20, "choice": "Krishna", "is_correct": false}}, {"model": "contents.choices", "pk": 48, "fields": {"created": "2023-02-28T06:54:01.507Z", "modified": "2023-02-28T06:54:01.507Z", "question": 20, "choice": "Kaveri", "is_correct": false}}, {"model": "contents.choices", "pk": 49, "fields": {"created": "2023-02-28T06:54:55.972Z", "modified": "2023-02-28T06:54:55.972Z", "question": 21, "choice": "Indus River", "is_correct": true}}, {"model": "contents.choices", "pk": 50, "fields": {"created": "2023-02-28T06:54:55.974Z", "modified": "2023-02-28T06:54:55.974Z", "question": 21, "choice": "Brahmaputra", "is_correct": false}}, {"model": "contents.choices", "pk": 51, "fields": {"created": "2023-02-28T06:54:55.976Z", "modified": "2023-02-28T06:54:55.976Z", "question": 21, "choice": "Ganges", "is_correct": false}}, {"model": "contents.choices", "pk": 52, "fields": {"created": "2023-02-28T06:54:55.978Z", "modified": "2023-02-28T06:54:55.978Z", "question": 21, "choice": "Yamuna", "is_correct": false}}, {"model": "contents.choices", "pk": 53, "fields": {"created": "2023-02-28T06:58:45.054Z", "modified": "2023-02-28T06:58:45.054Z", "question": 22, "choice": "Coconut Oil", "is_correct": true}}, {"model": "contents.choices", "pk": 54, "fields": {"created": "2023-02-28T06:58:45.056Z", "modified": "2023-02-28T06:58:45.056Z", "question": 22, "choice": "Sunflower Oil", "is_correct": false}}, {"model": "contents.choices", "pk": 55, "fields": {"created": "2023-02-28T06:58:45.057Z", "modified": "2023-02-28T06:58:45.057Z", "question": 22, "choice": "Olive Oil", "is_correct": false}}, {"model": "contents.choices", "pk": 56, "fields": {"created": "2023-02-28T06:58:45.059Z", "modified": "2023-02-28T06:58:45.059Z", "question": 22, "choice": "Palm Oil", "is_correct": false}}, {"model": "contents.choices", "pk": 57, "fields": {"created": "2023-02-28T07:00:18.970Z", "modified": "2023-02-28T07:00:18.971Z", "question": 23, "choice": "brinjal", "is_correct": false}}, {"model": "contents.choices", "pk": 58, "fields": {"created": "2023-02-28T07:00:18.972Z", "modified": "2023-02-28T07:00:18.972Z", "question": 23, "choice": "lady's-finger", "is_correct": false}}, {"model": "contents.choices", "pk": 59, "fields": {"created": "2023-02-28T07:00:18.974Z", "modified": "2023-02-28T07:00:18.974Z", "question": 23, "choice": "Indian Pumpkin", "is_correct": true}}, {"model": "contents.choices", "pk": 60, "fields": {"created": "2023-02-28T07:00:18.976Z", "modified": "2023-02-28T07:00:18.976Z", "question": 23, "choice": "Potato", "is_correct": false}}, {"model": "contents.choices", "pk": 61, "fields": {"created": "2023-02-28T07:01:16.701Z", "modified": "2023-02-28T07:01:16.701Z", "question": 24, "choice": "Roti", "is_correct": false}}, {"model": "contents.choices", "pk": 62, "fields": {"created": "2023-02-28T07:01:16.703Z", "modified": "2023-02-28T07:01:16.703Z", "question": 24, "choice": "Rice", "is_correct": false}}, {"model": "contents.choices", "pk": 63, "fields": {"created": "2023-02-28T07:01:16.705Z", "modified": "2023-02-28T07:01:16.705Z", "question": 24, "choice": "Khichdi", "is_correct": true}}, {"model": "contents.choices", "pk": 64, "fields": {"created": "2023-02-28T07:01:16.707Z", "modified": "2023-02-28T07:01:16.707Z", "question": 24, "choice": "Dal", "is_correct": false}}, {"model": "contents.choices", "pk": 65, "fields": {"created": "2023-02-28T07:02:21.581Z", "modified": "2023-02-28T07:02:21.581Z", "question": 25, "choice": "Vit K", "is_correct": false}}, {"model": "contents.choices", "pk": 66, "fields": {"created": "2023-02-28T07:02:21.583Z", "modified": "2023-02-28T07:02:21.583Z", "question": 25, "choice": "Vit A", "is_correct": false}}, {"model": "contents.choices", "pk": 67, "fields": {"created": "2023-02-28T07:02:21.584Z", "modified": "2023-02-28T07:02:21.584Z", "question": 25, "choice": "Vit B6", "is_correct": false}}, {"model": "contents.choices", "pk": 68, "fields": {"created": "2023-02-28T07:02:21.587Z", "modified": "2023-02-28T07:02:21.587Z", "question": 25, "choice": "Vit C", "is_correct": true}}, {"model": "contents.choices", "pk": 69, "fields": {"created": "2023-02-28T07:03:22.596Z", "modified": "2023-02-28T07:03:22.596Z", "question": 26, "choice": "Italy", "is_correct": false}}, {"model": "contents.choices", "pk": 70, "fields": {"created": "2023-02-28T07:03:22.598Z", "modified": "2023-02-28T07:03:22.598Z", "question": 26, "choice": "Canada", "is_correct": false}}, {"model": "contents.choices", "pk": 71, "fields": {"created": "2023-02-28T07:03:22.600Z", "modified": "2023-02-28T07:03:22.600Z", "question": 26, "choice": "France", "is_correct": false}}, {"model": "contents.choices", "pk": 72, "fields": {"created": "2023-02-28T07:03:22.601Z", "modified": "2023-02-28T07:03:22.601Z", "question": 26, "choice": "Ethiopia", "is_correct": true}}, {"model": "contents.choices", "pk": 73, "fields": {"created": "2023-02-28T07:04:15.087Z", "modified": "2023-02-28T07:04:15.087Z", "question": 27, "choice": "Hawaii", "is_correct": false}}, {"model": "contents.choices", "pk": 74, "fields": {"created": "2023-02-28T07:04:15.089Z", "modified": "2023-02-28T07:04:15.089Z", "question": 27, "choice": "Brazil", "is_correct": true}}, {"model": "contents.choices", "pk": 75, "fields": {"created": "2023-02-28T07:04:15.091Z", "modified": "2023-02-28T07:04:15.091Z", "question": 27, "choice": "Greece", "is_correct": false}}, {"model": "contents.choices", "pk": 76, "fields": {"created": "2023-02-28T07:04:15.092Z", "modified": "2023-02-28T07:04:15.092Z", "question": 27, "choice": "Mexico", "is_correct": false}}, {"model": "contents.choices", "pk": 77, "fields": {"created": "2023-02-28T07:05:44.282Z", "modified": "2023-02-28T07:05:44.282Z", "question": 28, "choice": "India", "is_correct": false}}, {"model": "contents.choices", "pk": 78, "fields": {"created": "2023-02-28T07:05:44.284Z", "modified": "2023-02-28T07:05:44.284Z", "question": 28, "choice": "China", "is_correct": true}}, {"model": "contents.choices", "pk": 79, "fields": {"created": "2023-02-28T07:05:44.286Z", "modified": "2023-02-28T07:05:44.286Z", "question": 28, "choice": "Japan", "is_correct": false}}, {"model": "contents.choices", "pk": 80, "fields": {"created": "2023-02-28T07:05:44.288Z", "modified": "2023-02-28T07:05:44.288Z", "question": 28, "choice": "Italy", "is_correct": false}}, {"model": "contents.quizattempt", "pk": 3, "fields": {"created": "2023-02-15T12:23:14.608Z", "modified": "2023-02-16T04:50:34.522Z", "user": 4, "quiz": 1, "question": 3, "user_choice": 12, "is_right": false}}, {"model": "contents.quizattempt", "pk": 4, "fields": {"created": "2023-02-15T12:23:14.624Z", "modified": "2023-02-16T04:50:34.537Z", "user": 4, "quiz": 1, "question": 8, "user_choice": 17, "is_right": true}}, {"model": "contents.quizattempt", "pk": 5, "fields": {"created": "2023-02-27T12:18:12.886Z", "modified": "2023-02-27T12:53:10.084Z", "user": 3, "quiz": 2, "question": 1, "user_choice": 1, "is_right": true}}, {"model": "contents.quizattempt", "pk": 6, "fields": {"created": "2023-02-27T12:18:12.904Z", "modified": "2023-02-27T12:18:12.907Z", "user": 3, "quiz": 2, "question": 2, "user_choice": 6, "is_right": true}}, {"model": "contents.quizattempt", "pk": 7, "fields": {"created": "2023-02-27T12:18:12.913Z", "modified": "2023-02-27T12:18:12.916Z", "user": 3, "quiz": 2, "question": 3, "user_choice": 12, "is_right": false}}, {"model": "contents.quizattempt", "pk": 8, "fields": {"created": "2023-02-27T12:58:46.440Z", "modified": "2023-02-28T05:39:07.091Z", "user": 2, "quiz": 2, "question": 1, "user_choice": 1, "is_right": true}}, {"model": "contents.quizattempt", "pk": 9, "fields": {"created": "2023-02-27T12:58:46.446Z", "modified": "2023-02-28T05:39:07.106Z", "user": 2, "quiz": 2, "question": 2, "user_choice": 7, "is_right": false}}, {"model": "contents.quizattempt", "pk": 10, "fields": {"created": "2023-02-27T12:58:46.451Z", "modified": "2023-02-28T05:39:07.110Z", "user": 2, "quiz": 2, "question": 3, "user_choice": 12, "is_right": false}}, {"model": "contents.quizattempt", "pk": 11, "fields": {"created": "2023-02-28T07:15:25.589Z", "modified": "2023-02-28T07:19:01.529Z", "user": 6, "quiz": 5, "question": 22, "user_choice": 53, "is_right": true}}, {"model": "contents.quizattempt", "pk": 12, "fields": {"created": "2023-02-28T07:15:25.607Z", "modified": "2023-02-28T07:19:01.544Z", "user": 6, "quiz": 5, "question": 23, "user_choice": 59, "is_right": true}}, {"model": "contents.quizattempt", "pk": 13, "fields": {"created": "2023-02-28T07:15:25.615Z", "modified": "2023-02-28T07:19:01.547Z", "user": 6, "quiz": 5, "question": 24, "user_choice": 63, "is_right": true}}, {"model": "contents.quizattempt", "pk": 14, "fields": {"created": "2023-02-28T07:15:25.623Z", "modified": "2023-02-28T07:19:01.551Z", "user": 6, "quiz": 5, "question": 25, "user_choice": 65, "is_right": false}}, {"model": "contents.quizattempt", "pk": 15, "fields": {"created": "2023-02-28T07:15:25.629Z", "modified": "2023-02-28T07:19:01.554Z", "user": 6, "quiz": 5, "question": 26, "user_choice": 69, "is_right": false}}, {"model": "contents.quizattempt", "pk": 16, "fields": {"created": "2023-02-28T07:15:25.634Z", "modified": "2023-02-28T07:19:01.558Z", "user": 6, "quiz": 5, "question": 27, "user_choice": 73, "is_right": false}}, {"model": "contents.quizresult", "pk": 1, "fields": {"created": "2023-02-16T05:53:25.048Z", "modified": "2023-02-22T05:20:25.638Z", "user": 4, "quiz": 1, "total_score": 50, "user_score": 10, "has_passed": true}}, {"model": "contents.quizresult", "pk": 3, "fields": {"created": "2023-02-22T06:13:58.698Z", "modified": "2023-02-28T05:19:14.573Z", "user": 3, "quiz": 2, "total_score": 30, "user_score": 20, "has_passed": true}}, {"model": "contents.quizresult", "pk": 4, "fields": {"created": "2023-02-27T11:31:56.271Z", "modified": "2023-02-27T11:31:56.273Z", "user": 3, "quiz": 2, "total_score": 100, "user_score": 10, "has_passed": true}}, {"model": "contents.quizresult", "pk": 5, "fields": {"created": "2023-02-28T05:29:31.937Z", "modified": "2023-02-28T05:39:07.113Z", "user": 2, "quiz": 2, "total_score": 30, "user_score": 10, "has_passed": false}}, {"model": "contents.quizresult", "pk": 6, "fields": {"created": "2023-02-28T07:15:25.638Z", "modified": "2023-02-28T07:19:01.560Z", "user": 6, "quiz": 5, "total_score": 60, "user_score": 30, "has_passed": false}}]